{
  "bernoulli": {
    "marginal_rmse": 0.0006363977398870406,
    "mean_default_rate": 0.00265625,
    "n_unique_scenarios": 78,
    "corr_rmse": 0.4235104174036193,
    "degenerate": false
  },
  "gaussian_copula": {
    "marginal_rmse": 0.0005847916295570586,
    "mean_default_rate": 0.0025520833333333333,
    "n_unique_scenarios": 86,
    "corr_rmse": 0.39436380440029173,
    "degenerate": false
  },
  "student_t_copula": {
    "marginal_rmse": 0.0008745844251223928,
    "mean_default_rate": 0.002427083333333333,
    "n_unique_scenarios": 90,
    "corr_rmse": 0.3630038546705475,
    "degenerate": false
  },
  "entangled_born_machine": {
    "marginal_rmse": 0.0006764660006238303,
    "mean_default_rate": 0.002395833333333333,
    "n_unique_scenarios": 73,
    "corr_rmse": 0.4108922189677439,
    "degenerate": false
  }
}